{
  "Component-preload.js": 1709821183658,
  "controller/App.controller.js": 1709549038505,
  "model/models.js": 1709549038501,
  "controller/View1.controller.js": 1709549038509,
  "manifest.json": 1709821183496,
  "Component.js": 1709549038493,
  "i18n/i18n.properties": 1709549049025,
  "controller/View1-dbg.controller.js": 1709549038509,
  "model/models-dbg.js": 1709549038501,
  "controller/App-dbg.controller.js": 1709549038505,
  "Component-dbg.js": 1709549038493,
  "view/View1.view.xml": 1709736835208,
  "view/App.view.xml": 1709549038509,
  "css/style.css": 1709549038505,
  "index.html": 1709549038493
}